dataset,pc,rank_within_dataset,feature,loading,abs_loading
Over all time points,2,1,PHQ_5,0.44031272902759133,0.44031272902759133
Over all time points,2,2,PHQ_4,0.42286150676376216,0.42286150676376216
Over all time points,2,3,PHQ_3,0.3876366382386354,0.3876366382386354
